{"images/01d.png":["images/01d.png"],"images/01n.png":["images/01n.png"],"images/02d.png":["images/02d.png"],"images/02n.png":["images/02n.png"],"images/03d.png":["images/03d.png"],"images/03n.png":["images/03n.png"],"images/04d.png":["images/04d.png"],"images/04n.png":["images/04n.png"],"images/09d.png":["images/09d.png"],"images/09n.png":["images/09n.png"],"images/10d.png":["images/10d.png"],"images/10n.png":["images/10n.png"],"images/11d.png":["images/11d.png"],"images/11n.png":["images/11n.png"],"images/13d.png":["images/13d.png"],"images/13n.png":["images/13n.png"],"images/50d.png":["images/50d.png"],"images/50n.png":["images/50n.png"],"packages/cupertino_icons/assets/CupertinoIcons.ttf":["packages/cupertino_icons/assets/CupertinoIcons.ttf"],"fonts/Montserrat-Black.ttf":["fonts/Montserrat-Black.ttf"],"fonts/Montserrat-Light.ttf":["fonts/Montserrat-Light.ttf"]}